actual_q_0,actual_q_1,actual_q_2,actual_q_3,actual_q_4,actual_q_5
-2.094382111226217,-3.135406633416647,1.0386255423175257,0.024521036739013624,-1.2699757711231996e-05,-3.1629470030414026
