actual_q_0,actual_q_1,actual_q_2,actual_q_3,actual_q_4,actual_q_5
-2.094395102393195,-1.8706030714563333,-2.4069575079986087,0.23796853996093426,1.2121870116507765,0.3567468067778624
