actual_TCP_force_0,actual_TCP_force_1,actual_TCP_force_2,actual_TCP_force_3,actual_TCP_force_4,actual_TCP_force_5
1.156733073493335,1.426526066370089,57.405426467448706,-1.4994996276421277,-4.715963983413755,0.6446457331724473
