actual_TCP_pose_0,actual_TCP_pose_1,actual_TCP_pose_2,actual_TCP_pose_3,actual_TCP_pose_4,actual_TCP_pose_5
-0.06769888850619786,0.4537716077006584,0.20203002543592946,-2.3923504133597193,-0.04816196918450515,-0.035755373649465697
