actual_q_0,actual_q_1,actual_q_2,actual_q_3,actual_q_4,actual_q_5
-2.094395102393195,-3.1415926535897936,1.0471975511965976,0.0,1.7763568394002505e-15,-3.1415926535897936
