actual_q_0,actual_q_1,actual_q_2,actual_q_3,actual_q_4,actual_q_5
2.220446049250313e-16,-1.5707963267948957,0.0,-1.5707963267948966,4.440892098500626e-16,0.0
