actual_q_0,actual_q_1,actual_q_2,actual_q_3,actual_q_4,actual_q_5
-2.09437066713442,-3.1336900196471156,1.040579620991842,-1.04741986215625,-3.1416099707232874,1.0472383499145508
