actual_q_0,actual_q_1,actual_q_2,actual_q_3,actual_q_4,actual_q_5
-2.094395102393195,-1.7271,-2.2029999999999994,-0.8079999999999998,-2.094395102393195,-0.030999999999999694
