actual_TCP_force_0,actual_TCP_force_1,actual_TCP_force_2,actual_TCP_force_3,actual_TCP_force_4,actual_TCP_force_5
3.079685795439335,-2.7193263567264134,1.4341428316827614,-0.07523138830707034,0.19272799249170014,-0.055054821690639695
