actual_TCP_force_0,actual_TCP_force_1,actual_TCP_force_2,actual_TCP_force_3,actual_TCP_force_4,actual_TCP_force_5
-8.119252696692527,-3.1536544710319454,68.80502242216299,-1.4341014536178227,-4.595901322620492,-0.2221266842819192
