actual_TCP_force_0,actual_TCP_force_1,actual_TCP_force_2,actual_TCP_force_3,actual_TCP_force_4,actual_TCP_force_5
12.58360120199428,9.956702277000481,19.742371619959624,-0.04029592048123479,-0.04508129619129833,-0.08602335475758459
