actual_TCP_force_0,actual_TCP_force_1,actual_TCP_force_2,actual_TCP_force_3,actual_TCP_force_4,actual_TCP_force_5
-1.161535079284211,1.85656434774705,-24.90051972621486,0.826746150785224,2.16766485590825,-0.1618243474271152
