actual_TCP_pose_0,actual_TCP_pose_1,actual_TCP_pose_2,actual_TCP_pose_3,actual_TCP_pose_4,actual_TCP_pose_5
-0.19532094028006589,0.6090492027099423,0.8346200931952356,-2.2963264152902525,-0.17619937948489542,0.453625064960928
